{
  "timestamp": "2026-03-30T09:01:58.179Z",
  "metrics": {
    "http_reqs": {
      "count": 13608,
      "rate": 64.37151341191552
    },
    "http_req_duration": {
      "p(90)": 3.8991700000000007,
      "p(95)": 4.63126,
      "avg": 2.7731462154614914,
      "min": 0.5086,
      "med": 2.3513,
      "max": 316.7251
    },
    "http_req_failed": {
      "rate": 0.9706055261610818,
      "passes": 13208,
      "fails": 400
    },
    "errors": {
      "rate": 0.9714621947631656,
      "passes": 13208,
      "fails": 388
    },
    "redirect_duration": {
      "min": 0.5086,
      "med": 2.2814,
      "max": 64.3298,
      "p(90)": 3.6547,
      "p(95)": 4.212300000000001,
      "avg": 2.494086544374931
    }
  },
  "checks": {
    "total": 25775,
    "passes": 635,
    "fails": 25140,
    "passRate": "2.46%"
  }
}


// rate limit of 100 from app then nginx at 20 adn 5

{

//   INFO[0000] Setup complete. Token obtained. 10 short URLs created.  source=console
//      ✗ redirect: status 302
//       ↳  1% — ✓ 179 / ✗ 9252
//      ✗ redirect: has Location
//       ↳  1% — ✓ 179 / ✗ 9252
//      ✗ shorten: status 201
//       ↳  2% — ✓ 68 / ✗ 2680
//      ✗ shorten: has shortCode
//       ↳  2% — ✓ 68 / ✗ 2680
//      ✗ stats: status 200
//       ↳  9% — ✓ 141 / ✗ 1276

//      checks.........................: 2.46%  ✓ 635       ✗ 25140
//      data_received..................: 6.3 MB 30 kB/s
//      data_sent......................: 2.3 MB 11 kB/s
//    ✗ errors.........................: 97.14% ✓ 13208     ✗ 388
//      http_req_blocked...............: avg=14.23µs  min=0s       med=0s     max=2.72ms   p(90)=0s      p(95)=0s
//      http_req_connecting............: avg=9.23µs   min=0s       med=0s     max=2.38ms   p(90)=0s      p(95)=0s
//    ✓ http_req_duration..............: avg=2.77ms   min=508.6µs  med=2.35ms max=316.72ms p(90)=3.89ms  p(95)=4.63ms
//        { expected_response:true }...: avg=9.8ms    min=2.85ms   med=8.18ms max=316.72ms p(90)=12.42ms p(95)=16.76ms
//      http_req_failed................: 97.06% ✓ 13208     ✗ 400
//      http_req_receiving.............: avg=89.03µs  min=0s       med=0s     max=10.19ms  p(90)=549.1µs p(95)=591.76µs
//      http_req_sending...............: avg=17.4µs   min=0s       med=0s     max=2.85ms   p(90)=0s      p(95)=0s
//      http_req_tls_handshaking.......: avg=0s       min=0s       med=0s     max=0s       p(90)=0s      p(95)=0s
//      http_req_waiting...............: avg=2.66ms   min=503.49µs med=2.29ms max=316.72ms p(90)=3.78ms  p(95)=4.5ms
//      http_reqs......................: 13608  64.371513/s
//      iteration_duration.............: avg=1s       min=500.42ms med=1s     max=1.54s    p(90)=1.4s    p(95)=1.45s
//      iterations.....................: 13551  64.10188/s
//      redirect_duration..............: avg=2.494087 min=0.5086   med=2.2814 max=64.3298  p(90)=3.6547  p(95)=4.2123
//      vus............................: 1      min=1       max=100

// running (3m31.4s), 000/100 VUs, 13551 complete and 0 interrupted iterations
// default ✓ [======================================] 000/100 VUs  3m30s
// ERRO[0212] thresholds on metrics 'errors' have been crossed

}